INSERT INTO users (id, name,email,phone_num,user_type) VALUES (1, 'Normal Guy', 'nobody@gmail.com', '604-236-5770','user');
INSERT INTO users (id, name,email,phone_num,user_type) VALUES (2, 'Jon Walson', 'goku@gmail.com', '604-236-5771','admin');
INSERT INTO users (id, name,email,phone_num,user_type) VALUES (3, 'Ashly Joker', 'ashly@gmail.com', '604-236-5772','admin');
INSERT INTO users (id, name,email,phone_num,user_type) VALUES (4, 'Mary Liu', 'liu@gmail.com', '604-236-5773','user');
INSERT INTO books (id, user_id,book_title, book_author,description,year_of_publication,genre,rating,quantity,price,image_url_s,image_url_m,image_url_l) VALUES (1, 2, 'Classical Mythology', 'Mark P. O. Morford', 'An Encyclopedia of Gods & Goddesses, Heroes & Heroines, Nymphs, Spirits, Monsters, and Places',2016, 'Action & Adventure', 4.7, 1,29.99, 'http://images.amazon.com/images/P/0195153448.01.THUMBZZZ.jpg', 'http://images.amazon.com/images/P/0195153448.01.MZZZZZZZ.jpg', 'http://images.amazon.com/images/P/0195153448.01.LZZZZZZZ.jpg');
INSERT INTO books (id, user_id,book_title, book_author,description,year_of_publication,genre,rating,quantity,price,image_url_s,image_url_m,image_url_l) VALUES (2, 3, 'Clara Callan', 'Richard Bruce Wright', 'In a small town in Canada, Clara Callan reluctantly takes leave of her sister, Nora, who is bound for New York. Its a time when the growing threat of fascism in Europe is a constant worry, and people escape from reality through radio and the movies. Meanwhile, the two sisters -- vastly different in personality, yet inextricably linked by a shared past -- try to find their places within the complex web of social expectations for young women in the 1930s.',2015, 'Humour', 2.5, 1,25.99, 'http://images.amazon.com/images/P/0002005018.01.THUMBZZZ.jpg', 'http://images.amazon.com/images/P/0002005018.01.MZZZZZZZ.jpg', 'http://images.amazon.com/images/P/0002005018.01.LZZZZZZZ.jpg');
INSERT INTO books (id, user_id,book_title, book_author,description,year_of_publication,genre,rating,quantity,price,image_url_s,image_url_m,image_url_l) VALUES (3, 2, 'The Mummies of Urumchi', 'E. J. W. Barber', 'Some of Ürümchis mummies date back as far as 4,000 years—contemporary with the famous Egyptian mummies but even more beautifully preserved. Surprisingly, these prehistoric people are not Asian but Caucasoid—tall, large-nosed and blond with thick beards and round eyes. What were these blond Caucasians doing in the heart of Asia? What language did they speak? Might they be related to a "lost tribe" known from later inscriptions? Few clues are offered by their pottery or tools, but their clothes—woolens that rarely survive more than a few centuries—have been preserved as brightly hued as the day they were woven. Elizabeth Wayland Barber describes these remarkable mummies and their clothing, and deduces their path to this remote, forbidding place. The result is a book like no other—a fascinating unveiling of an ancient, exotic, nearly forgotten world. A finalist for the Kiriyama Pacific Rim Book Prize.',2013, 'Fantasy, Horror & Science Fiction', 4.7, 1,29.99, 'http://images.amazon.com/images/P/0393045218.01.THUMBZZZ.jpg', 'http://images.amazon.com/images/P/0393045218.01.MZZZZZZZ.jpg', 'http://images.amazon.com/images/P/0393045218.01.LZZZZZZZ.jpg');
INSERT INTO books (id, user_id,book_title, book_author,description,year_of_publication,genre,rating,quantity,price,image_url_s,image_url_m,image_url_l) VALUES (4, 3, 'PLEADING GUILTY', 'Scott Turow', 'Returning to the now-renowned locale of Kindle County, Scott Turow gives us Mack Malloy, ex-cop, not-quite-ex-drunk, and partner-on-the-wane in one of the countrys most high-powered law firms. A longtime ally of the wayward, Mack is on the trail of a colleague, his firms star litigator, who has vanished with more than five million dollars of a clients money. Mack will descend into the enthralling and ominous heart of a city...taking you with him on his final, desperate, and courageous crusade to reinvent himself from the depths of his own shattered soul.',2007, 'Historical Fiction', 4.7, 1,24.99, 'http://images.amazon.com/images/P/0671870432.01.THUMBZZZ.jpg', 'http://images.amazon.com/images/P/0671870432.01.MZZZZZZZ.jpg', 'http://images.amazon.com/images/P/0671870432.01.LZZZZZZZ.jpg');
INSERT INTO books (id, user_id,book_title, book_author,description,year_of_publication,genre,rating,quantity,price,image_url_s,image_url_m,image_url_l) VALUES (5, 3, 'Where Youll Find Me And Other Stories', 'Ann Beattie', 'lorem',2016, 'Action & Adventure', 4.7, 1,21.99, 'http://images.amazon.com/images/P/074322678X.01.THUMBZZZ.jpg', 'http://images.amazon.com/images/P/074322678X.01.MZZZZZZZ.jpg', 'http://images.amazon.com/images/P/074322678X.01.LZZZZZZZ.jpg');
INSERT INTO books (id, user_id,book_title, book_author,description,year_of_publication,genre,rating,quantity,price,image_url_s,image_url_m,image_url_l) VALUES (6, 2, 'Nights Below Station Street', 'David Adams Richards', 'lorem',2002, 'Humour', 4.7, 1,29.99, 'http://images.amazon.com/images/P/0771074670.01.THUMBZZZ.jpg', 'http://images.amazon.com/images/P/0771074670.01.MZZZZZZZ.jpg', 'http://images.amazon.com/images/P/0771074670.01.LZZZZZZZ.jpg');
INSERT INTO books (id, user_id,book_title, book_author,description,year_of_publication,genre,rating,quantity,price,image_url_s,image_url_m,image_url_l) VALUES (7, 3, 'The Middle Stories', 'Sheila Heti', 'lorem',2018, 'Fantasy, Horror & Science Fiction', 4.5, 1,34.99, 'http://images.amazon.com/images/P/0887841740.01.THUMBZZZ.jpg', 'http://images.amazon.com/images/P/0887841740.01.MZZZZZZZ.jpg', 'http://images.amazon.com/images/P/0887841740.01.LZZZZZZZ.jpg');
INSERT INTO books (id, user_id,book_title, book_author,description,year_of_publication,genre,rating,quantity,price,image_url_s,image_url_m,image_url_l) VALUES (8, 2, 'Jane Doe', 'R. J. Kaiser', 'lorem',2013, 'Historical Fiction', 4.4, 1,11.99, 'http://images.amazon.com/images/P/1552041778.01.THUMBZZZ.jpg', 'http://images.amazon.com/images/P/1552041778.01.MZZZZZZZ.jpg', 'http://images.amazon.com/images/P/1552041778.01.LZZZZZZZ.jpg');
INSERT INTO books (id, user_id,book_title, book_author,description,year_of_publication,genre,rating,quantity,price,image_url_s,image_url_m,image_url_l) VALUES (9, 3, 'The Testament', 'John Grisham', 'lorem',2013, 'Humour', 3.6, 1,26.99, 'http://images.amazon.com/images/P/0440234743.01.THUMBZZZ.jpg', 'http://images.amazon.com/images/P/0440234743.01.MZZZZZZZ.jpg', 'http://images.amazon.com/images/P/0440234743.01.LZZZZZZZ.jpg');
INSERT INTO books (id, user_id,book_title, book_author,description,year_of_publication,genre,rating,quantity,price,image_url_s,image_url_m,image_url_l) VALUES (10, 2, 'Beloved (Plume Contemporary Fiction)', 'Toni Morrison', 'lorem',2008, 'Fantasy, Horror & Science Fiction', 4.7, 1,54.99, 'http://images.amazon.com/images/P/0452264464.01.THUMBZZZ.jpg', 'http://images.amazon.com/images/P/0452264464.01.MZZZZZZZ.jpg', 'http://images.amazon.com/images/P/0452264464.01.LZZZZZZZ.jpg');
INSERT INTO books (id, user_id,book_title, book_author,description,year_of_publication,genre,rating,quantity,price,image_url_s,image_url_m,image_url_l) VALUES (11, 3, 'Tell Me This Isnt Happening', 'Robynn Clairday', 'lorem',2013, 'Historical Fiction', 4.2, 1,27.99, 'http://images.amazon.com/images/P/0439095026.01.THUMBZZZ.jpg', 'http://images.amazon.com/images/P/0439095026.01.MZZZZZZZ.jpg', 'http://images.amazon.com/images/P/0439095026.01.LZZZZZZZ.jpg');
INSERT INTO books (id, user_id,book_title, book_author,description,year_of_publication,genre,rating,quantity,price,image_url_s,image_url_m,image_url_l) VALUES (12, 2, 'Flood  Mississippi 1927', 'Kathleen Duey', 'lorem',2012, 'Action & Adventure', 3.1, 1,46.99, 'http://images.amazon.com/images/P/0689821166.01.THUMBZZZ.jpg', 'http://images.amazon.com/images/P/0689821166.01.MZZZZZZZ.jpg', 'http://images.amazon.com/images/P/0689821166.01.LZZZZZZZ.jpg');
INSERT INTO books (id, user_id,book_title, book_author,description,year_of_publication,genre,rating,quantity,price,image_url_s,image_url_m,image_url_l) VALUES (13, 3, 'Wild Animus', 'Rich Shapero', 'lorem',2018, 'Humour', 4.7, 1,42.99, 'http://images.amazon.com/images/P/0971880107.01.THUMBZZZ.jpg', 'http://images.amazon.com/images/P/0971880107.01.MZZZZZZZ.jpg', 'http://images.amazon.com/images/P/0971880107.01.LZZZZZZZ.jpg');
INSERT INTO books (id, user_id,book_title, book_author,description,year_of_publication,genre,rating,quantity,price,image_url_s,image_url_m,image_url_l) VALUES (14, 2, 'Airframe', 'Michael Crichton', 'lorem',2011, 'Fantasy, Horror & Science Fiction', 4.5, 1,27.99, 'http://images.amazon.com/images/P/0345402871.01.THUMBZZZ.jpg', 'http://images.amazon.com/images/P/0345402871.01.MZZZZZZZ.jpg', 'http://images.amazon.com/images/P/0345402871.01.LZZZZZZZ.jpg');
INSERT INTO books (id, user_id,book_title, book_author,description,year_of_publication,genre,rating,quantity,price,image_url_s,image_url_m,image_url_l) VALUES (15, 3, 'Timeline', 'MICHAEL CRICHTON', 'lorem',2014, 'Historical Fiction', 4.3, 1,33.99, 'http://images.amazon.com/images/P/0345417623.01.THUMBZZZ.jpg', 'http://images.amazon.com/images/P/0345417623.01.MZZZZZZZ.jpg', 'http://images.amazon.com/images/P/0345417623.01.LZZZZZZZ.jpg');
INSERT INTO books (id, user_id,book_title, book_author,description,year_of_publication,genre,rating,quantity,price,image_url_s,image_url_m,image_url_l) VALUES (16, 2, 'OUT OF THE SILENT PLANET', 'C.S. Lewis', 'lorem',2010, 'Action & Adventure', 4.4, 1,19.99, 'http://images.amazon.com/images/P/0684823802.01.THUMBZZZ.jpg', 'http://images.amazon.com/images/P/0684823802.01.MZZZZZZZ.jpg', 'http://images.amazon.com/images/P/0684823802.01.LZZZZZZZ.jpg');
INSERT INTO books (id, user_id,book_title, book_author,description,year_of_publication,genre,rating,quantity,price,image_url_s,image_url_m,image_url_l) VALUES (17, 3, 'Prague  A Novel', 'ARTHUR PHILLIPS', 'lorem',2017, 'Humour', 4.2, 1,30.99, 'http://images.amazon.com/images/P/0375759778.01.THUMBZZZ.jpg', 'http://images.amazon.com/images/P/0375759778.01.MZZZZZZZ.jpg', 'http://images.amazon.com/images/P/0375759778.01.LZZZZZZZ.jpg');
INSERT INTO books (id, user_id,book_title, book_author,description,year_of_publication,genre,rating,quantity,price,image_url_s,image_url_m,image_url_l) VALUES (18, 2, 'Chocolate Jesus', 'Stephan Jaramillo', 'lorem',2012, 'Fantasy, Horror & Science Fiction', 4.7, 1,41.99, 'http://images.amazon.com/images/P/0425163091.01.THUMBZZZ.jpg', 'http://images.amazon.com/images/P/0425163091.01.MZZZZZZZ.jpg', 'http://images.amazon.com/images/P/0425163091.01.LZZZZZZZ.jpg');
INSERT INTO books (id, user_id,book_title, book_author,description,year_of_publication,genre,rating,quantity,price,image_url_s,image_url_m,image_url_l) VALUES (19, 3, 'Wie Barney es sieht.', 'Mordecai Richler', 'lorem',2016, 'Historical Fiction', 4.5, 1,33.99, 'http://images.amazon.com/images/P/3404921038.01.THUMBZZZ.jpg', 'http://images.amazon.com/images/P/3404921038.01.MZZZZZZZ.jpg', 'http://images.amazon.com/images/P/3404921038.01.LZZZZZZZ.jpg');
INSERT INTO books (id, user_id,book_title, book_author,description,year_of_publication,genre,rating,quantity,price,image_url_s,image_url_m,image_url_l) VALUES (20, 3, 'Sturmzeit. Roman.', 'Charlotte Link', 'lorem',2005, 'Action & Adventure', 4.6, 1,26.99, 'http://images.amazon.com/images/P/3442410665.01.THUMBZZZ.jpg', 'http://images.amazon.com/images/P/3442410665.01.MZZZZZZZ.jpg', 'http://images.amazon.com/images/P/3442410665.01.LZZZZZZZ.jpg');
INSERT INTO books (id, user_id,book_title, book_author,description,year_of_publication,genre,rating,quantity,price,image_url_s,image_url_m,image_url_l) VALUES (21, 2, 'Tage der Unschuld.', 'Richard North Patterson', 'lorem',2014, 'Humour', 4.7, 1,41.99, 'http://images.amazon.com/images/P/3442446937.01.THUMBZZZ.jpg', 'http://images.amazon.com/images/P/3442446937.01.MZZZZZZZ.jpg', 'http://images.amazon.com/images/P/3442446937.01.LZZZZZZZ.jpg');
INSERT INTO books (id, user_id,book_title, book_author,description,year_of_publication,genre,rating,quantity,price,image_url_s,image_url_m,image_url_l) VALUES (22, 3, 'Lying Awake', 'Mark Salzman', 'lorem',2014, 'Fantasy, Horror & Science Fiction', 3.4, 1,21.99, 'http://images.amazon.com/images/P/0375406328.01.THUMBZZZ.jpg', 'http://images.amazon.com/images/P/0375406328.01.MZZZZZZZ.jpg', 'http://images.amazon.com/images/P/0375406328.01.LZZZZZZZ.jpg');
INSERT INTO books (id, user_id,book_title, book_author,description,year_of_publication,genre,rating,quantity,price,image_url_s,image_url_m,image_url_l) VALUES (23, 2, 'To Kill a Mockingbird', 'Harper Lee', 'lorem',2002, 'Historical Fiction', 4.7, 1,39.99, 'http://images.amazon.com/images/P/0446310786.01.THUMBZZZ.jpg', 'http://images.amazon.com/images/P/0446310786.01.MZZZZZZZ.jpg', 'http://images.amazon.com/images/P/0446310786.01.LZZZZZZZ.jpg');
INSERT INTO books (id, user_id,book_title, book_author,description,year_of_publication,genre,rating,quantity,price,image_url_s,image_url_m,image_url_l) VALUES (24, 3, 'Seabiscuit An American Legend', 'LAURA HILLENBRAND', 'lorem',2016, 'Action & Adventure', 3.4, 1,34.99, 'http://images.amazon.com/images/P/0449005615.01.THUMBZZZ.jpg', 'http://images.amazon.com/images/P/0449005615.01.MZZZZZZZ.jpg', 'http://images.amazon.com/images/P/0449005615.01.LZZZZZZZ.jpg');
INSERT INTO books (id, user_id,book_title, book_author,description,year_of_publication,genre,rating,quantity,price,image_url_s,image_url_m,image_url_l) VALUES (25, 3, 'Miss Zukas and the Ravens Dance', 'Jo Dereske', 'lorem',2010, 'Humour', 4.5, 1,14.99, 'http://images.amazon.com/images/P/038078243X.01.THUMBZZZ.jpg', 'http://images.amazon.com/images/P/038078243X.01.MZZZZZZZ.jpg', 'http://images.amazon.com/images/P/038078243X.01.LZZZZZZZ.jpg');
INSERT INTO books (id, user_id,book_title, book_author,description,year_of_publication,genre,rating,quantity,price,image_url_s,image_url_m,image_url_l) VALUES (26, 2, 'Downtown', 'Anne Rivers Siddons', 'lorem',2009, 'Fantasy, Horror & Science Fiction', 4.5, 1,49.99, 'http://images.amazon.com/images/P/0061099686.01.THUMBZZZ.jpg', 'http://images.amazon.com/images/P/0061099686.01.MZZZZZZZ.jpg', 'http://images.amazon.com/images/P/0061099686.01.LZZZZZZZ.jpg');
INSERT INTO books (id, user_id,book_title, book_author,description,year_of_publication,genre,rating,quantity,price,image_url_s,image_url_m,image_url_l) VALUES (27, 3, 'Icebound', 'Dean R. Koontz', 'lorem',2014, 'Historical Fiction', 4.8, 1,44.99, 'http://images.amazon.com/images/P/0553582909.01.THUMBZZZ.jpg', 'http://images.amazon.com/images/P/0553582909.01.MZZZZZZZ.jpg', 'http://images.amazon.com/images/P/0553582909.01.LZZZZZZZ.jpg');
INSERT INTO books (id, user_id,book_title, book_author,description,year_of_publication,genre,rating,quantity,price,image_url_s,image_url_m,image_url_l) VALUES (28, 2, 'Ill Be Seeing You', 'Mary Higgins Clark', 'lorem',2008, 'Action & Adventure', 4.5, 1,27.99, 'http://images.amazon.com/images/P/0671888587.01.THUMBZZZ.jpg', 'http://images.amazon.com/images/P/0671888587.01.MZZZZZZZ.jpg', 'http://images.amazon.com/images/P/0671888587.01.LZZZZZZZ.jpg');
INSERT INTO books (id, user_id,book_title, book_author,description,year_of_publication,genre,rating,quantity,price,image_url_s,image_url_m,image_url_l) VALUES (29, 3, 'From the Corner of His Eye', 'Dean Koontz', 'lorem',2015, 'Humour', 2.6, 1,21.99, 'http://images.amazon.com/images/P/0553582747.01.THUMBZZZ.jpg', 'http://images.amazon.com/images/P/0553582747.01.MZZZZZZZ.jpg', 'http://images.amazon.com/images/P/0553582747.01.LZZZZZZZ.jpg');
INSERT INTO books (id, user_id,book_title, book_author,description,year_of_publication,genre,rating,quantity,price,image_url_s,image_url_m,image_url_l) VALUES (30, 2, 'Isle of Dogs', 'Patricia Cornwell', 'lorem',2016, 'Fantasy, Horror & Science Fiction', 5, 1,19.99, 'http://images.amazon.com/images/P/0425182908.01.THUMBZZZ.jpg', 'http://images.amazon.com/images/P/0425182908.01.MZZZZZZZ.jpg', 'http://images.amazon.com/images/P/0425182908.01.LZZZZZZZ.jpg');
INSERT INTO books (id, user_id,book_title, book_author,description,year_of_publication,genre,rating,quantity,price,image_url_s,image_url_m,image_url_l) VALUES (31, 3, 'Purity in Death', 'J.D. Robb', 'lorem',2016, 'Historical Fiction', 4.1, 1,35.99, 'http://images.amazon.com/images/P/042518630X.01.THUMBZZZ.jpg', 'http://images.amazon.com/images/P/042518630X.01.MZZZZZZZ.jpg', 'http://images.amazon.com/images/P/042518630X.01.LZZZZZZZ.jpg');
INSERT INTO books (id, user_id,book_title, book_author,description,year_of_publication,genre,rating,quantity,price,image_url_s,image_url_m,image_url_l) VALUES (32, 3, 'Proxies', 'Laura J. Mixon', 'lorem',2013, 'Action & Adventure', 4.5, 1,16.99, 'http://images.amazon.com/images/P/0812523873.01.THUMBZZZ.jpg', 'http://images.amazon.com/images/P/0812523873.01.MZZZZZZZ.jpg', 'http://images.amazon.com/images/P/0812523873.01.LZZZZZZZ.jpg');
INSERT INTO books (id, user_id,book_title, book_author,description,year_of_publication,genre,rating,quantity,price,image_url_s,image_url_m,image_url_l) VALUES (33, 3, 'The Street Lawyer', 'JOHN GRISHAM', 'lorem',2013, 'Humour', 4.7, 1,36.99, 'http://images.amazon.com/images/P/0440225701.01.THUMBZZZ.jpg', 'http://images.amazon.com/images/P/0440225701.01.MZZZZZZZ.jpg', 'http://images.amazon.com/images/P/0440225701.01.LZZZZZZZ.jpg');
INSERT INTO books (id, user_id,book_title, book_author,description,year_of_publication,genre,rating,quantity,price,image_url_s,image_url_m,image_url_l) VALUES (34, 2, 'A Soldier of the Great War', 'Mark Helprin', 'lorem',2006, 'Fantasy, Horror & Science Fiction', 4.5, 1,36.99, 'http://images.amazon.com/images/P/0380715899.01.THUMBZZZ.jpg', 'http://images.amazon.com/images/P/0380715899.01.MZZZZZZZ.jpg', 'http://images.amazon.com/images/P/0380715899.01.LZZZZZZZ.jpg');
INSERT INTO books (id, user_id,book_title, book_author,description,year_of_publication,genre,rating,quantity,price,image_url_s,image_url_m,image_url_l) VALUES (35, 3, 'Getting Well Again', 'O. Carol Simonton Md', 'lorem',2006, 'Historical Fiction', 3.1, 1,36.99, 'http://images.amazon.com/images/P/0553280333.01.THUMBZZZ.jpg', 'http://images.amazon.com/images/P/0553280333.01.MZZZZZZZ.jpg', 'http://images.amazon.com/images/P/0553280333.01.LZZZZZZZ.jpg');
INSERT INTO books (id, user_id,book_title, book_author,description,year_of_publication,genre,rating,quantity,price,image_url_s,image_url_m,image_url_l) VALUES (36, 2, 'The Pillars of the Earth', 'Ken Follett', 'lorem',1996, 'Action & Adventure', 3.8, 1,24.99, 'http://images.amazon.com/images/P/0451166892.01.THUMBZZZ.jpg', 'http://images.amazon.com/images/P/0451166892.01.MZZZZZZZ.jpg', 'http://images.amazon.com/images/P/0451166892.01.LZZZZZZZ.jpg');
INSERT INTO favourites (id, user_id,book_id) VALUES (1, 1, 1);
INSERT INTO conversation (id,book_id) VALUES (1, 3);
INSERT INTO messages (id, convers_id,user_id,message) VALUES (1, 1, 1, 'how much is this book?');
INSERT INTO messages (id, convers_id,user_id,message) VALUES (2, 1, 2, 'its 32.99');
